ans|[[1, 2, 3, 4, 5, 6, 'A'], 90, 'akdfja']
user1|[[1, 'fd', 3, 4, 5, 6, 'B'], 52, '蒨蒨寶寶']
keyname|value
keyname|value
keyname|value
keyname|value
keyname|value
keyname|value
ans.png|[[[['a', 'a'], ['8', '8'], ['c', 'c'], ['de', 'd'], ['a', 'a'], ['b', 'b'], ['d', 'c'], ['d', 'd'], ['e', '']], [['e', ''], ['d', 'd'], ['c', 'c'], ['ba', 'ba'], ['e', ''], ['d', 'd'], ['c', 'c'], ['b', 'b'], ['a', 'a']], [['a', 'a'], ['b', 'b'], ['c', 'c'], ['de', 'd'], ['a', 'a'], ['b', 'b'], ['c', 'c'], ['d', 'd'], ['e', '']], [['e', ''], ['d', 'd'], ['c', 'c'], ['ba', 'ba'], ['e', ''], ['d', 'd'], ['c', 'c'], ['b', 'b'], ['a', 'a']], [['a', 'a'], ['b', 'b'], ['c', 'c'], ['de', 'd'], ['a', 'a'], ['b', 'b'], ['c', 'c'], ['d', 'd'], ['e', '']], [['e', ''], ['d', 'd'], ['d', 'c'], ['ba', 'ba'], ['e', ''], ['d', 'd'], ['d', 'c'], ['b', 'b'], ['a', 'a']]], 100]
ans.png|[[[['a', 'a'], ['8', '8'], ['c', 'c'], ['de', 'd'], ['a', 'a'], ['b', 'b'], ['d', 'c'], ['d', 'd'], ['e', '']], [['e', ''], ['d', 'd'], ['c', 'c'], ['ba', 'ba'], ['e', ''], ['d', 'd'], ['c', 'c'], ['b', 'b'], ['a', 'a']], [['a', 'a'], ['b', 'b'], ['c', 'c'], ['de', 'd'], ['a', 'a'], ['b', 'b'], ['c', 'c'], ['d', 'd'], ['e', '']], [['e', ''], ['d', 'd'], ['c', 'c'], ['ba', 'ba'], ['e', ''], ['d', 'd'], ['c', 'c'], ['b', 'b'], ['a', 'a']], [['a', 'a'], ['b', 'b'], ['c', 'c'], ['de', 'd'], ['a', 'a'], ['b', 'b'], ['c', 'c'], ['d', 'd'], ['e', '']], [['e', ''], ['d', 'd'], ['d', 'c'], ['ba', 'ba'], ['e', ''], ['d', 'd'], ['d', 'c'], ['b', 'b'], ['a', 'a']]], 100]
ans.png|[[[['a', 'a'], ['8', '8'], ['c', 'c'], ['de', 'd'], ['a', 'a'], ['b', 'b'], ['d', 'c'], ['d', 'd'], ['e', '']], [['e', ''], ['d', 'd'], ['c', 'c'], ['ba', 'ba'], ['e', ''], ['d', 'd'], ['c', 'c'], ['b', 'b'], ['a', 'a']], [['a', 'a'], ['b', 'b'], ['c', 'c'], ['de', 'd'], ['a', 'a'], ['b', 'b'], ['c', 'c'], ['d', 'd'], ['e', '']], [['e', ''], ['d', 'd'], ['c', 'c'], ['ba', 'ba'], ['e', ''], ['d', 'd'], ['c', 'c'], ['b', 'b'], ['a', 'a']], [['a', 'a'], ['b', 'b'], ['c', 'c'], ['de', 'd'], ['a', 'a'], ['b', 'b'], ['c', 'c'], ['d', 'd'], ['e', '']], [['e', ''], ['d', 'd'], ['d', 'c'], ['ba', 'ba'], ['e', ''], ['d', 'd'], ['d', 'c'], ['b', 'b'], ['a', 'a']]], 100]
ans.png|[[[['a', 'a'], ['8', '8'], ['c', 'c'], ['de', 'd'], ['a', 'a'], ['b', 'b'], ['d', 'c'], ['d', 'd'], ['e', '']], [['e', ''], ['d', 'd'], ['c', 'c'], ['ba', 'ba'], ['e', ''], ['d', 'd'], ['c', 'c'], ['b', 'b'], ['a', 'a']], [['a', 'a'], ['b', 'b'], ['c', 'c'], ['de', 'd'], ['a', 'a'], ['b', 'b'], ['c', 'c'], ['d', 'd'], ['e', '']], [['e', ''], ['d', 'd'], ['c', 'c'], ['ba', 'ba'], ['e', ''], ['d', 'd'], ['c', 'c'], ['b', 'b'], ['a', 'a']], [['a', 'a'], ['b', 'b'], ['c', 'c'], ['de', 'd'], ['a', 'a'], ['b', 'b'], ['c', 'c'], ['d', 'd'], ['e', '']], [['e', ''], ['d', 'd'], ['d', 'c'], ['ba', 'ba'], ['e', ''], ['d', 'd'], ['d', 'c'], ['b', 'b'], ['a', 'a']]], 100]
image.png|[[], 0]
ans.png|[[[['a', 'a'], ['8', '8'], ['c', 'c'], ['de', 'd'], ['a', 'a'], ['b', 'b'], ['d', 'c'], ['d', 'd'], ['e', '']], [['e', ''], ['d', 'd'], ['c', 'c'], ['ba', 'ba'], ['e', ''], ['d', 'd'], ['c', 'c'], ['b', 'b'], ['a', 'a']], [['a', 'a'], ['b', 'b'], ['c', 'c'], ['de', 'd'], ['a', 'a'], ['b', 'b'], ['c', 'c'], ['d', 'd'], ['e', '']], [['e', ''], ['d', 'd'], ['c', 'c'], ['ba', 'ba'], ['e', ''], ['d', 'd'], ['c', 'c'], ['b', 'b'], ['a', 'a']], [['a', 'a'], ['b', 'b'], ['c', 'c'], ['de', 'd'], ['a', 'a'], ['b', 'b'], ['c', 'c'], ['d', 'd'], ['e', '']], [['e', ''], ['d', 'd'], ['d', 'c'], ['ba', 'ba'], ['e', ''], ['d', 'd'], ['d', 'c'], ['b', 'b'], ['a', 'a']]], 100]
ans.png|[[[['a', 'a'], ['8', '8'], ['c', 'c'], ['de', 'd'], ['a', 'a'], ['b', 'b'], ['d', 'c'], ['d', 'd'], ['e', '']], [['e', ''], ['d', 'd'], ['c', 'c'], ['ba', 'ba'], ['e', ''], ['d', 'd'], ['c', 'c'], ['b', 'b'], ['a', 'a']], [['a', 'a'], ['b', 'b'], ['c', 'c'], ['de', 'd'], ['a', 'a'], ['b', 'b'], ['c', 'c'], ['d', 'd'], ['e', '']], [['e', ''], ['d', 'd'], ['c', 'c'], ['ba', 'ba'], ['e', ''], ['d', 'd'], ['c', 'c'], ['b', 'b'], ['a', 'a']], [['a', 'a'], ['b', 'b'], ['c', 'c'], ['de', 'd'], ['a', 'a'], ['b', 'b'], ['c', 'c'], ['d', 'd'], ['e', '']], [['e', ''], ['d', 'd'], ['d', 'c'], ['ba', 'ba'], ['e', ''], ['d', 'd'], ['d', 'c'], ['b', 'b'], ['a', 'a']]], 100]
